{
  "version": 1,
  "author": "Disciplinas EEP",
  "editor": "wokwi",
  "parts": [
    { "type": "wokwi-esp32-devkit-v1", "id": "esp", "top": -100.9, "left": -197, "attrs": {} },
    {
      "type": "wokwi-lcd1602",
      "id": "lcd1",
      "top": -166.4,
      "left": -23.2,
      "attrs": { "pins": "i2c" }
    },
    {
      "type": "wokwi-ntc-temperature-sensor",
      "id": "ntc1",
      "top": -103,
      "left": -423,
      "attrs": {}
    },
    {
      "type": "wokwi-photoresistor-sensor",
      "id": "ldr1",
      "top": 3.2,
      "left": -450.4,
      "attrs": {}
    },
    { "type": "wokwi-hc-sr04", "id": "ultrasonic1", "top": -27.3, "left": 72.7, "attrs": {} },
    { "type": "wokwi-gas-sensor", "id": "gas1", "top": 89.1, "left": -444.2, "attrs": {} }
  ],
  "connections": [
    [ "esp:TX0", "$serialMonitor:RX", "", [] ],
    [ "esp:RX0", "$serialMonitor:TX", "", [] ],
    [ "esp:D21", "lcd1:SDA", "green", [ "h38.1", "v-96.4" ] ],
    [ "esp:D22", "lcd1:SCL", "green", [ "h47.7", "v-57.9" ] ],
    [ "ultrasonic1:VCC", "esp:3V3", "purple", [ "v0" ] ],
    [ "lcd1:VCC", "esp:3V3", "limegreen", [ "h-48", "v201.7" ] ],
    [ "ntc1:VCC", "esp:3V3", "cyan", [ "h48", "v172.8", "h153.6", "v-57.6" ] ],
    [ "ldr1:VCC", "esp:3V3", "yellow", [ "h38.4", "v96", "h172.8", "v-67.2" ] ],
    [ "gas1:VCC", "esp:3V3", "red", [ "h249.6", "v-77.7" ] ],
    [ "gas1:AOUT", "esp:D34", "red", [ "h57.6", "v-163.2" ] ],
    [ "ldr1:AO", "esp:D32", "yellow", [ "h76.8", "v-87.1" ] ],
    [ "ntc1:OUT", "esp:D33", "cyan", [ "h67.2", "v28.7" ] ],
    [ "ntc1:GND", "esp:GND.2", "cyan", [ "h67.2", "v115.2" ] ],
    [ "ldr1:GND", "esp:GND.2", "yellow", [ "h67.2", "v9.2" ] ],
    [ "gas1:GND", "esp:GND.2", "black", [ "h19.2", "v-87.2" ] ],
    [ "lcd1:GND", "esp:GND.1", "limegreen", [ "h-57.6", "v201.6" ] ],
    [ "esp:D4", "ultrasonic1:TRIG", "purple", [ "h66.9", "v57.7", "h96" ] ],
    [ "esp:D2", "ultrasonic1:ECHO", "purple", [ "h57.3", "v56.9", "h115.2" ] ],
    [ "ultrasonic1:GND", "esp:GND.1", "purple", [ "v38.4", "h-145.2", "v-48" ] ]
  ],
  "dependencies": {}
}